topic,subtopic,content,keywords,difficulty,record_type,source,topic_summary
Natural Language Processing,Introduction,"Natural Language Processing (NLP) is a branch of artificial intelligence that focuses on enabling computers to work with human language. It combines ideas from linguistics, computer science, and machine learning. NLP allows software to analyze written text and spoken language and produce useful responses.","natural,language,processing,introduction",beginner,knowledge,StudyMate Educational Knowledge Base,"NLP enables computers to process human language and supports tasks such as tokenization, linguistic analysis, sentiment analysis, translation, information extraction, and conversational systems."
Natural Language Processing,Why NLP is needed,"Human language is complex because the same word can have different meanings and people can express the same idea in many ways. NLP techniques help computers handle this variability. Applications include search, translation, chatbots, document analysis, sentiment analysis, and voice assistants.","natural,language,processing,why,nlp,is,needed",beginner,knowledge,StudyMate Educational Knowledge Base,"NLP enables computers to process human language and supports tasks such as tokenization, linguistic analysis, sentiment analysis, translation, information extraction, and conversational systems."
Natural Language Processing,NLP pipeline,"A typical NLP pipeline may include text collection, cleaning, normalization, tokenization, linguistic analysis, feature representation, model processing, and output generation. The exact steps depend on the application. Modern systems may use neural language models instead of traditional feature engineering.","natural,language,processing,nlp,pipeline",beginner,knowledge,StudyMate Educational Knowledge Base,"NLP enables computers to process human language and supports tasks such as tokenization, linguistic analysis, sentiment analysis, translation, information extraction, and conversational systems."
Natural Language Processing,Tokenization,"Tokenization divides text into smaller units called tokens. Tokens may be words, subwords, characters, or punctuation marks. For example, the sentence 'NLP is useful' can be separated into meaningful tokens before later processing.","natural,language,processing,tokenization",intermediate,knowledge,StudyMate Educational Knowledge Base,"NLP enables computers to process human language and supports tasks such as tokenization, linguistic analysis, sentiment analysis, translation, information extraction, and conversational systems."
Natural Language Processing,Stop words,"Stop words are common words that may contribute little to some information-retrieval or classification tasks. Examples can include words such as 'the', 'is', and 'and'. Removing them is optional and should depend on the task because some applications need every word.","natural,language,processing,stop,words",intermediate,knowledge,StudyMate Educational Knowledge Base,"NLP enables computers to process human language and supports tasks such as tokenization, linguistic analysis, sentiment analysis, translation, information extraction, and conversational systems."
Natural Language Processing,Stemming,"Stemming reduces related words to a simpler stem by applying rules that often remove word endings. For example, several forms of a word may be reduced to a common stem. Stemming is fast but the resulting stem is not necessarily a valid dictionary word.","natural,language,processing,stemming",intermediate,knowledge,StudyMate Educational Knowledge Base,"NLP enables computers to process human language and supports tasks such as tokenization, linguistic analysis, sentiment analysis, translation, information extraction, and conversational systems."
Natural Language Processing,Lemmatization,"Lemmatization converts a word to its appropriate dictionary base form using linguistic information. Unlike simple stemming, it can consider vocabulary and grammatical context. This can produce more meaningful normalized forms.","natural,language,processing,lemmatization",intermediate,knowledge,StudyMate Educational Knowledge Base,"NLP enables computers to process human language and supports tasks such as tokenization, linguistic analysis, sentiment analysis, translation, information extraction, and conversational systems."
Natural Language Processing,Part of speech tagging,"Part-of-speech tagging assigns grammatical categories such as noun, verb, adjective, or adverb to words in context. It helps systems analyze sentence structure and supports tasks such as information extraction and syntactic analysis.","natural,language,processing,part,of,speech,tagging",intermediate,knowledge,StudyMate Educational Knowledge Base,"NLP enables computers to process human language and supports tasks such as tokenization, linguistic analysis, sentiment analysis, translation, information extraction, and conversational systems."
Natural Language Processing,Named Entity Recognition,"Named Entity Recognition, or NER, identifies mentions of entities such as people, organizations, locations, dates, and products. For example, in a sentence about a company and a city, an NER system can identify which words represent the organization and location.","natural,language,processing,named,entity,recognition",advanced,knowledge,StudyMate Educational Knowledge Base,"NLP enables computers to process human language and supports tasks such as tokenization, linguistic analysis, sentiment analysis, translation, information extraction, and conversational systems."
Natural Language Processing,Sentiment analysis,"Sentiment analysis determines the expressed opinion or polarity of text, commonly using categories such as positive, negative, and neutral. It can be used to analyze reviews, feedback, social media posts, and customer comments.","natural,language,processing,sentiment,analysis",advanced,knowledge,StudyMate Educational Knowledge Base,"NLP enables computers to process human language and supports tasks such as tokenization, linguistic analysis, sentiment analysis, translation, information extraction, and conversational systems."
Natural Language Processing,Text classification,"Text classification assigns documents or messages to predefined categories. Spam detection, news categorization, support-ticket routing, and topic classification are examples. Machine-learning models can learn classification patterns from labeled examples.","natural,language,processing,text,classification",advanced,knowledge,StudyMate Educational Knowledge Base,"NLP enables computers to process human language and supports tasks such as tokenization, linguistic analysis, sentiment analysis, translation, information extraction, and conversational systems."
Natural Language Processing,Machine translation,Machine translation automatically converts text from one language to another. Modern systems commonly use neural models that learn relationships between languages from large collections of translated text.,"natural,language,processing,machine,translation",advanced,knowledge,StudyMate Educational Knowledge Base,"NLP enables computers to process human language and supports tasks such as tokenization, linguistic analysis, sentiment analysis, translation, information extraction, and conversational systems."
Natural Language Processing,Chatbots,"NLP is an important component of many chatbots because it helps systems interpret user messages and produce natural-language responses. A chatbot may combine intent detection, entity extraction, retrieval, and response generation.","natural,language,processing,chatbots",advanced,knowledge,StudyMate Educational Knowledge Base,"NLP enables computers to process human language and supports tasks such as tokenization, linguistic analysis, sentiment analysis, translation, information extraction, and conversational systems."
Natural Language Processing,Speech processing,"Speech-related NLP systems convert spoken language into text or generate speech from text. Speech recognition, language understanding, and speech synthesis can be combined to build voice assistants and accessibility tools.","natural,language,processing,speech,processing",advanced,knowledge,StudyMate Educational Knowledge Base,"NLP enables computers to process human language and supports tasks such as tokenization, linguistic analysis, sentiment analysis, translation, information extraction, and conversational systems."
Natural Language Processing,NLP applications,"NLP is used in search engines, virtual assistants, customer support, document summarization, translation, sentiment analysis, information extraction, recommendation systems, and accessibility software.","natural,language,processing,nlp,applications",advanced,knowledge,StudyMate Educational Knowledge Base,"NLP enables computers to process human language and supports tasks such as tokenization, linguistic analysis, sentiment analysis, translation, information extraction, and conversational systems."
Natural Language Processing,Advantages,"NLP can process large amounts of text quickly, automate repetitive language tasks, improve search and information retrieval, and make software interfaces easier to use through natural language.","natural,language,processing,advantages",advanced,knowledge,StudyMate Educational Knowledge Base,"NLP enables computers to process human language and supports tasks such as tokenization, linguistic analysis, sentiment analysis, translation, information extraction, and conversational systems."
Natural Language Processing,Limitations,"NLP systems can struggle with ambiguity, sarcasm, rare expressions, noisy text, domain-specific terminology, and language differences. Model quality also depends on the data, representation, and evaluation method.","natural,language,processing,limitations",advanced,knowledge,StudyMate Educational Knowledge Base,"NLP enables computers to process human language and supports tasks such as tokenization, linguistic analysis, sentiment analysis, translation, information extraction, and conversational systems."
Natural Language Processing,NLP and machine learning,"Traditional NLP often used manually designed linguistic features, while machine learning enabled models to learn useful patterns from data. Modern NLP frequently uses neural networks and pretrained language models that can be adapted to many tasks.","natural,language,processing,nlp,and,machine,learning",advanced,knowledge,StudyMate Educational Knowledge Base,"NLP enables computers to process human language and supports tasks such as tokenization, linguistic analysis, sentiment analysis, translation, information extraction, and conversational systems."
Natural Language Processing,Simple example,"Consider the message 'The movie was excellent.' A sentiment-analysis system may identify the sentence as positive. A tokenization step first separates the text into tokens, while later processing determines the overall meaning or sentiment.","natural,language,processing,simple,example",advanced,knowledge,StudyMate Educational Knowledge Base,"NLP enables computers to process human language and supports tasks such as tokenization, linguistic analysis, sentiment analysis, translation, information extraction, and conversational systems."
Natural Language Processing,Summary,"NLP enables computers to process and understand human language. Its techniques include tokenization, linguistic analysis, entity recognition, classification, translation, and sentiment analysis. NLP supports many real-world applications including chatbots, search, translation, and document analysis.","natural,language,processing,summary",advanced,knowledge,StudyMate Educational Knowledge Base,"NLP enables computers to process human language and supports tasks such as tokenization, linguistic analysis, sentiment analysis, translation, information extraction, and conversational systems."
Machine Learning,Introduction,"Machine learning is a branch of artificial intelligence in which computer systems learn patterns from data and use those patterns to make predictions or decisions. Instead of specifying every rule manually, developers provide data and a learning procedure.","machine,learning,introduction",beginner,knowledge,StudyMate Educational Knowledge Base,"Machine learning learns patterns from data to make predictions or decisions and includes supervised, unsupervised, and reinforcement learning approaches."
Machine Learning,How machine learning works,"A typical machine-learning workflow includes collecting data, preparing it, selecting useful features or representations, choosing a model, training the model, evaluating performance, and deploying the model. The process is iterative and often requires improving data and model choices.","machine,learning,how,machine,learning,works",beginner,knowledge,StudyMate Educational Knowledge Base,"Machine learning learns patterns from data to make predictions or decisions and includes supervised, unsupervised, and reinforcement learning approaches."
Machine Learning,Supervised learning,Supervised learning uses labeled examples in which each input is associated with a target output. The model learns a relationship between inputs and targets and can later predict targets for previously unseen inputs.,"machine,learning,supervised,learning",beginner,knowledge,StudyMate Educational Knowledge Base,"Machine learning learns patterns from data to make predictions or decisions and includes supervised, unsupervised, and reinforcement learning approaches."
Machine Learning,Unsupervised learning,"Unsupervised learning works with data without predefined target labels. It can be used to discover groups, structures, or representations in data. Clustering is a common example.","machine,learning,unsupervised,learning",intermediate,knowledge,StudyMate Educational Knowledge Base,"Machine learning learns patterns from data to make predictions or decisions and includes supervised, unsupervised, and reinforcement learning approaches."
Machine Learning,Reinforcement learning,"Reinforcement learning involves an agent interacting with an environment. The agent chooses actions and receives feedback such as rewards or penalties, learning a policy that improves expected long-term reward.","machine,learning,reinforcement,learning",intermediate,knowledge,StudyMate Educational Knowledge Base,"Machine learning learns patterns from data to make predictions or decisions and includes supervised, unsupervised, and reinforcement learning approaches."
Machine Learning,Classification,"Classification predicts a category such as spam or not spam, or one of several disease classes. Classification models are trained using examples whose correct categories are known.","machine,learning,classification",intermediate,knowledge,StudyMate Educational Knowledge Base,"Machine learning learns patterns from data to make predictions or decisions and includes supervised, unsupervised, and reinforcement learning approaches."
Machine Learning,Regression,"Regression predicts a numerical value. Examples include predicting a house price, temperature, demand, or another continuous measurement.","machine,learning,regression",intermediate,knowledge,StudyMate Educational Knowledge Base,"Machine learning learns patterns from data to make predictions or decisions and includes supervised, unsupervised, and reinforcement learning approaches."
Machine Learning,Training and testing,"Training data is used to learn model parameters, while test data is used to estimate performance on unseen examples. Keeping evaluation data separate helps reveal whether a model generalizes beyond its training examples.","machine,learning,training,and,testing",intermediate,knowledge,StudyMate Educational Knowledge Base,"Machine learning learns patterns from data to make predictions or decisions and includes supervised, unsupervised, and reinforcement learning approaches."
Machine Learning,Overfitting,"Overfitting happens when a model fits training data too closely and fails to generalize well to new data. It can be reduced using appropriate model complexity, regularization, more data, or suitable validation methods.","machine,learning,overfitting",advanced,knowledge,StudyMate Educational Knowledge Base,"Machine learning learns patterns from data to make predictions or decisions and includes supervised, unsupervised, and reinforcement learning approaches."
Machine Learning,Evaluation,"Machine-learning models should be evaluated with metrics appropriate to the task. Accuracy can be useful for some balanced classification problems, while precision, recall, F1 score, mean absolute error, or other measures may be more informative in other settings.","machine,learning,evaluation",advanced,knowledge,StudyMate Educational Knowledge Base,"Machine learning learns patterns from data to make predictions or decisions and includes supervised, unsupervised, and reinforcement learning approaches."
Machine Learning,Applications,"Machine learning is used in recommendation systems, fraud detection, image recognition, language processing, forecasting, search ranking, medical research, manufacturing, and many other domains.","machine,learning,applications",advanced,knowledge,StudyMate Educational Knowledge Base,"Machine learning learns patterns from data to make predictions or decisions and includes supervised, unsupervised, and reinforcement learning approaches."
Deep Learning,Introduction,"Deep learning is a branch of machine learning that uses neural networks with multiple computational layers to learn representations from data. It has become important for image, speech, language, and other complex tasks.","deep,learning,introduction",beginner,knowledge,StudyMate Educational Knowledge Base,"Deep learning uses multi-layer neural networks to learn representations and is widely applied to language, images, speech, and generative systems."
Deep Learning,Neural networks,"A neural network consists of connected computational units arranged in layers. Each connection can have a learned weight, and the network transforms inputs through successive layers to produce an output.","deep,learning,neural,networks",beginner,knowledge,StudyMate Educational Knowledge Base,"Deep learning uses multi-layer neural networks to learn representations and is widely applied to language, images, speech, and generative systems."
Deep Learning,Training,"During training, a neural network produces predictions, compares them with target information using a loss function, and updates its parameters to reduce the loss. Optimization methods such as gradient descent are commonly used.","deep,learning,training",beginner,knowledge,StudyMate Educational Knowledge Base,"Deep learning uses multi-layer neural networks to learn representations and is widely applied to language, images, speech, and generative systems."
Deep Learning,Convolutional neural networks,Convolutional neural networks are designed to process grid-like data such as images. Convolutional layers can learn local patterns such as edges and textures before combining them into higher-level representations.,"deep,learning,convolutional,neural,networks",intermediate,knowledge,StudyMate Educational Knowledge Base,"Deep learning uses multi-layer neural networks to learn representations and is widely applied to language, images, speech, and generative systems."
Deep Learning,Recurrent networks,"Recurrent neural networks were designed to process sequences while maintaining information from earlier steps. They have been used for language and time-series tasks, although transformer architectures are now widely used for many language problems.","deep,learning,recurrent,networks",intermediate,knowledge,StudyMate Educational Knowledge Base,"Deep learning uses multi-layer neural networks to learn representations and is widely applied to language, images, speech, and generative systems."
Deep Learning,Transformers,Transformers use attention mechanisms to model relationships between elements of a sequence. They have become a foundation for many modern language models and are also used in vision and multimodal systems.,"deep,learning,transformers",intermediate,knowledge,StudyMate Educational Knowledge Base,"Deep learning uses multi-layer neural networks to learn representations and is widely applied to language, images, speech, and generative systems."
Deep Learning,Applications,"Deep learning is used in image classification, object detection, speech recognition, language modeling, translation, recommendation, scientific analysis, and generative AI.","deep,learning,applications",intermediate,knowledge,StudyMate Educational Knowledge Base,"Deep learning uses multi-layer neural networks to learn representations and is widely applied to language, images, speech, and generative systems."
Cybersecurity,Introduction,"Cybersecurity is the practice of protecting systems, networks, applications, devices, and data from unauthorized access, misuse, disruption, modification, or destruction.","cybersecurity,introduction",beginner,knowledge,StudyMate Educational Knowledge Base,"Cybersecurity protects systems, networks, applications, and data through controls such as authentication, authorization, encryption, monitoring, and secure practices."
Cybersecurity,Confidentiality,"Confidentiality means preventing unauthorized people or systems from accessing information. Access controls, encryption, and appropriate permissions can help protect confidentiality.","cybersecurity,confidentiality",beginner,knowledge,StudyMate Educational Knowledge Base,"Cybersecurity protects systems, networks, applications, and data through controls such as authentication, authorization, encryption, monitoring, and secure practices."
Cybersecurity,Integrity,"Integrity means maintaining the accuracy and completeness of information. Hashes, digital signatures, access controls, and audit mechanisms can help detect or prevent unauthorized changes.","cybersecurity,integrity",beginner,knowledge,StudyMate Educational Knowledge Base,"Cybersecurity protects systems, networks, applications, and data through controls such as authentication, authorization, encryption, monitoring, and secure practices."
Cybersecurity,Availability,"Availability means authorized users can access systems and information when needed. Redundancy, backups, resilient architecture, and protection against denial-of-service attacks support availability.","cybersecurity,availability",intermediate,knowledge,StudyMate Educational Knowledge Base,"Cybersecurity protects systems, networks, applications, and data through controls such as authentication, authorization, encryption, monitoring, and secure practices."
Cybersecurity,Authentication,"Authentication verifies the identity of a user, device, or service. Passwords, cryptographic credentials, biometrics, and multi-factor authentication are examples of authentication mechanisms.","cybersecurity,authentication",intermediate,knowledge,StudyMate Educational Knowledge Base,"Cybersecurity protects systems, networks, applications, and data through controls such as authentication, authorization, encryption, monitoring, and secure practices."
Cybersecurity,Authorization,Authorization determines what an authenticated identity is allowed to do. Role-based access control is one approach in which permissions are associated with roles.,"cybersecurity,authorization",intermediate,knowledge,StudyMate Educational Knowledge Base,"Cybersecurity protects systems, networks, applications, and data through controls such as authentication, authorization, encryption, monitoring, and secure practices."
Cybersecurity,Encryption,Encryption transforms plaintext into ciphertext using a cryptographic method and key. Decryption uses appropriate information to recover the original data. Encryption helps protect information in storage and during communication.,"cybersecurity,encryption",intermediate,knowledge,StudyMate Educational Knowledge Base,"Cybersecurity protects systems, networks, applications, and data through controls such as authentication, authorization, encryption, monitoring, and secure practices."
Cybersecurity,Phishing,"Phishing is a social-engineering technique in which attackers attempt to trick people into revealing information, opening malicious content, transferring money, or taking another unsafe action.","cybersecurity,phishing",intermediate,knowledge,StudyMate Educational Knowledge Base,"Cybersecurity protects systems, networks, applications, and data through controls such as authentication, authorization, encryption, monitoring, and secure practices."
Cybersecurity,Malware,"Malware is malicious software designed to perform unauthorized or harmful actions. Common categories include viruses, worms, trojans, ransomware, and spyware.","cybersecurity,malware",advanced,knowledge,StudyMate Educational Knowledge Base,"Cybersecurity protects systems, networks, applications, and data through controls such as authentication, authorization, encryption, monitoring, and secure practices."
Cybersecurity,Firewall,A firewall controls network traffic according to configured security rules. It can restrict unwanted connections and create boundaries between networks or systems.,"cybersecurity,firewall",advanced,knowledge,StudyMate Educational Knowledge Base,"Cybersecurity protects systems, networks, applications, and data through controls such as authentication, authorization, encryption, monitoring, and secure practices."
Cybersecurity,Security best practices,"Security practices include using strong authentication, applying updates, limiting privileges, backing up important data, monitoring systems, educating users, and preparing incident-response procedures.","cybersecurity,security,best,practices",advanced,knowledge,StudyMate Educational Knowledge Base,"Cybersecurity protects systems, networks, applications, and data through controls such as authentication, authorization, encryption, monitoring, and secure practices."
Computer Networks,Introduction,A computer network connects devices so they can exchange data and share services. Networks can range from small local networks to large interconnected systems such as the Internet.,"computer,networks,introduction",beginner,knowledge,StudyMate Educational Knowledge Base,"Computer networks connect devices and use protocols such as IP, TCP, UDP, DNS, DHCP, HTTP, and HTTPS to exchange information."
Computer Networks,Network types,"Common network categories include LAN for local areas, WAN for large geographic areas, and wireless networks for communication using radio signals. The appropriate design depends on distance, performance, reliability, and requirements.","computer,networks,network,types",beginner,knowledge,StudyMate Educational Knowledge Base,"Computer networks connect devices and use protocols such as IP, TCP, UDP, DNS, DHCP, HTTP, and HTTPS to exchange information."
Computer Networks,OSI model,"The OSI model is a seven-layer conceptual model consisting of physical, data link, network, transport, session, presentation, and application layers. It helps organize networking concepts and troubleshooting.","computer,networks,osi,model",beginner,knowledge,StudyMate Educational Knowledge Base,"Computer networks connect devices and use protocols such as IP, TCP, UDP, DNS, DHCP, HTTP, and HTTPS to exchange information."
Computer Networks,TCP/IP model,"The TCP/IP model describes the protocols used by the Internet and related networks. Its layers are commonly presented as link, Internet, transport, and application layers.","computer,networks,tcp/ip,model",intermediate,knowledge,StudyMate Educational Knowledge Base,"Computer networks connect devices and use protocols such as IP, TCP, UDP, DNS, DHCP, HTTP, and HTTPS to exchange information."
Computer Networks,IP addressing,An IP address identifies an interface on an IP network. IPv4 uses 32-bit addresses while IPv6 uses 128-bit addresses and provides a much larger address space.,"computer,networks,ip,addressing",intermediate,knowledge,StudyMate Educational Knowledge Base,"Computer networks connect devices and use protocols such as IP, TCP, UDP, DNS, DHCP, HTTP, and HTTPS to exchange information."
Computer Networks,TCP,"Transmission Control Protocol provides reliable, ordered, connection-oriented delivery of data between endpoints. It uses mechanisms such as acknowledgements, retransmission, and flow control.","computer,networks,tcp",intermediate,knowledge,StudyMate Educational Knowledge Base,"Computer networks connect devices and use protocols such as IP, TCP, UDP, DNS, DHCP, HTTP, and HTTPS to exchange information."
Computer Networks,UDP,User Datagram Protocol provides a connectionless transport service with low protocol overhead. It does not provide TCP-style guarantees of delivery or ordering.,"computer,networks,udp",intermediate,knowledge,StudyMate Educational Knowledge Base,"Computer networks connect devices and use protocols such as IP, TCP, UDP, DNS, DHCP, HTTP, and HTTPS to exchange information."
Computer Networks,DNS,The Domain Name System maps domain names to information such as IP addresses. It allows users to use human-readable names rather than remembering numeric network addresses.,"computer,networks,dns",intermediate,knowledge,StudyMate Educational Knowledge Base,"Computer networks connect devices and use protocols such as IP, TCP, UDP, DNS, DHCP, HTTP, and HTTPS to exchange information."
Computer Networks,DHCP,Dynamic Host Configuration Protocol automatically provides network configuration information such as IP addresses and other parameters to clients.,"computer,networks,dhcp",advanced,knowledge,StudyMate Educational Knowledge Base,"Computer networks connect devices and use protocols such as IP, TCP, UDP, DNS, DHCP, HTTP, and HTTPS to exchange information."
Computer Networks,HTTP and HTTPS,HTTP is used to transfer web resources between clients and servers. HTTPS uses HTTP over a TLS-protected connection to provide encryption and server authentication.,"computer,networks,http,and,https",advanced,knowledge,StudyMate Educational Knowledge Base,"Computer networks connect devices and use protocols such as IP, TCP, UDP, DNS, DHCP, HTTP, and HTTPS to exchange information."
Computer Networks,Network security,"Network security uses controls such as firewalls, secure protocols, authentication, segmentation, monitoring, and access policies to reduce unauthorized access and attacks.","computer,networks,network,security",advanced,knowledge,StudyMate Educational Knowledge Base,"Computer networks connect devices and use protocols such as IP, TCP, UDP, DNS, DHCP, HTTP, and HTTPS to exchange information."
Database Management Systems,Introduction,"A database management system, or DBMS, is software that provides mechanisms for storing, organizing, retrieving, updating, and securing data.","database,management,systems,introduction",beginner,knowledge,StudyMate Educational Knowledge Base,"DBMS software manages structured data using mechanisms such as tables, keys, SQL, transactions, indexes, constraints, and access controls."
Database Management Systems,Relational databases,A relational database organizes data into tables containing rows and columns. Relationships between tables can be represented using keys and constraints.,"database,management,systems,relational,databases",beginner,knowledge,StudyMate Educational Knowledge Base,"DBMS software manages structured data using mechanisms such as tables, keys, SQL, transactions, indexes, constraints, and access controls."
Database Management Systems,SQL,"Structured Query Language, or SQL, is used with relational databases to create structures, query data, insert records, update records, delete records, and manage permissions.","database,management,systems,sql",beginner,knowledge,StudyMate Educational Knowledge Base,"DBMS software manages structured data using mechanisms such as tables, keys, SQL, transactions, indexes, constraints, and access controls."
Database Management Systems,Primary key,A primary key uniquely identifies a row in a table. It helps maintain entity identity and can be referenced by other tables through relationships.,"database,management,systems,primary,key",intermediate,knowledge,StudyMate Educational Knowledge Base,"DBMS software manages structured data using mechanisms such as tables, keys, SQL, transactions, indexes, constraints, and access controls."
Database Management Systems,Foreign key,A foreign key is a field or set of fields that references a key in another table. It is commonly used to represent relationships between related records.,"database,management,systems,foreign,key",intermediate,knowledge,StudyMate Educational Knowledge Base,"DBMS software manages structured data using mechanisms such as tables, keys, SQL, transactions, indexes, constraints, and access controls."
Database Management Systems,Normalization,Normalization organizes relational data to reduce unnecessary duplication and update anomalies. Different normal forms provide increasingly specific rules for structuring tables.,"database,management,systems,normalization",intermediate,knowledge,StudyMate Educational Knowledge Base,"DBMS software manages structured data using mechanisms such as tables, keys, SQL, transactions, indexes, constraints, and access controls."
Database Management Systems,Transactions,A database transaction is a logical unit of work that should be handled according to defined consistency and reliability rules. Transaction systems commonly use properties described by ACID.,"database,management,systems,transactions",intermediate,knowledge,StudyMate Educational Knowledge Base,"DBMS software manages structured data using mechanisms such as tables, keys, SQL, transactions, indexes, constraints, and access controls."
Database Management Systems,Indexes,An index is an additional data structure that can speed up searches for selected columns or expressions. Indexes can improve read performance but require storage and can add overhead to updates.,"database,management,systems,indexes",intermediate,knowledge,StudyMate Educational Knowledge Base,"DBMS software manages structured data using mechanisms such as tables, keys, SQL, transactions, indexes, constraints, and access controls."
Database Management Systems,Database security,"Database security includes authentication, authorization, encryption, auditing, secure configuration, backups, and protection against unauthorized queries or modifications.","database,management,systems,database,security",advanced,knowledge,StudyMate Educational Knowledge Base,"DBMS software manages structured data using mechanisms such as tables, keys, SQL, transactions, indexes, constraints, and access controls."
Database Management Systems,Applications,"DBMS technology supports banking, e-commerce, education, healthcare, logistics, social platforms, enterprise systems, and almost every application that needs persistent structured data.","database,management,systems,applications",advanced,knowledge,StudyMate Educational Knowledge Base,"DBMS software manages structured data using mechanisms such as tables, keys, SQL, transactions, indexes, constraints, and access controls."
Operating Systems,Introduction,"An operating system manages computer hardware and provides common services for applications. It coordinates processors, memory, storage, devices, files, and user interaction.","operating,systems,introduction",beginner,knowledge,StudyMate Educational Knowledge Base,"Operating systems manage hardware resources and provide services for processes, threads, memory, files, devices, security, and applications."
Operating Systems,Processes,"A process is a program in execution together with its state and allocated resources. The operating system creates, schedules, and terminates processes.","operating,systems,processes",beginner,knowledge,StudyMate Educational Knowledge Base,"Operating systems manage hardware resources and provide services for processes, threads, memory, files, devices, security, and applications."
Operating Systems,Threads,"A thread is an execution path within a process. Threads in the same process can share resources, which can make concurrent programs efficient but also introduces synchronization challenges.","operating,systems,threads",beginner,knowledge,StudyMate Educational Knowledge Base,"Operating systems manage hardware resources and provide services for processes, threads, memory, files, devices, security, and applications."
Operating Systems,CPU scheduling,"CPU scheduling decides which ready process or thread should run on a processor. Scheduling policies can aim to balance response time, throughput, fairness, and other goals.","operating,systems,cpu,scheduling",intermediate,knowledge,StudyMate Educational Knowledge Base,"Operating systems manage hardware resources and provide services for processes, threads, memory, files, devices, security, and applications."
Operating Systems,Memory management,The operating system manages physical memory and provides processes with controlled address spaces. Techniques such as paging and virtual memory help use memory efficiently.,"operating,systems,memory,management",intermediate,knowledge,StudyMate Educational Knowledge Base,"Operating systems manage hardware resources and provide services for processes, threads, memory, files, devices, security, and applications."
Operating Systems,Virtual memory,Virtual memory allows programs to use a virtual address space that may be larger than available physical memory. Parts of memory can be moved between RAM and storage as needed.,"operating,systems,virtual,memory",intermediate,knowledge,StudyMate Educational Knowledge Base,"Operating systems manage hardware resources and provide services for processes, threads, memory, files, devices, security, and applications."
Operating Systems,File systems,"A file system organizes data on storage devices and provides mechanisms for naming, storing, retrieving, and protecting files and directories.","operating,systems,file,systems",intermediate,knowledge,StudyMate Educational Knowledge Base,"Operating systems manage hardware resources and provide services for processes, threads, memory, files, devices, security, and applications."
Operating Systems,Deadlock,"Deadlock can occur when processes wait indefinitely for resources held by other processes. Operating systems and applications can use prevention, avoidance, detection, or recovery strategies.","operating,systems,deadlock",intermediate,knowledge,StudyMate Educational Knowledge Base,"Operating systems manage hardware resources and provide services for processes, threads, memory, files, devices, security, and applications."
Operating Systems,Security,"Operating systems enforce access controls, isolate processes, protect memory, authenticate users, and provide mechanisms for auditing and secure resource use.","operating,systems,security",advanced,knowledge,StudyMate Educational Knowledge Base,"Operating systems manage hardware resources and provide services for processes, threads, memory, files, devices, security, and applications."
Operating Systems,Applications,"Operating systems provide the foundation for desktop computers, servers, smartphones, embedded devices, and cloud infrastructure.","operating,systems,applications",advanced,knowledge,StudyMate Educational Knowledge Base,"Operating systems manage hardware resources and provide services for processes, threads, memory, files, devices, security, and applications."
Data Structures and Algorithms,Introduction,"Data structures organize data for efficient use, while algorithms are step-by-step procedures for solving computational problems. Choosing appropriate structures and algorithms affects program performance.","data,structures,and,algorithms,introduction",beginner,knowledge,StudyMate Educational Knowledge Base,Data structures organize information while algorithms provide procedures for solving problems efficiently.
Data Structures and Algorithms,Arrays,"An array stores elements in an indexed sequence. Access by index is typically efficient, while inserting or removing elements in the middle may require shifting other elements.","data,structures,and,algorithms,arrays",beginner,knowledge,StudyMate Educational Knowledge Base,Data structures organize information while algorithms provide procedures for solving problems efficiently.
Data Structures and Algorithms,Linked lists,"A linked list stores elements in nodes connected through references or pointers. It can support efficient insertion or deletion when the relevant position is known, but random access is slower than in arrays.","data,structures,and,algorithms,linked,lists",beginner,knowledge,StudyMate Educational Knowledge Base,Data structures organize information while algorithms provide procedures for solving problems efficiently.
Data Structures and Algorithms,Stacks,"A stack follows the last-in-first-out principle. Common applications include function-call management, expression evaluation, undo functionality, and depth-first search.","data,structures,and,algorithms,stacks",intermediate,knowledge,StudyMate Educational Knowledge Base,Data structures organize information while algorithms provide procedures for solving problems efficiently.
Data Structures and Algorithms,Queues,"A queue follows the first-in-first-out principle. Queues are useful in scheduling, buffering, breadth-first search, and service systems.","data,structures,and,algorithms,queues",intermediate,knowledge,StudyMate Educational Knowledge Base,Data structures organize information while algorithms provide procedures for solving problems efficiently.
Data Structures and Algorithms,Trees,"Trees represent hierarchical relationships. Binary trees, binary search trees, heaps, and other variants support different operations and performance characteristics.","data,structures,and,algorithms,trees",intermediate,knowledge,StudyMate Educational Knowledge Base,Data structures organize information while algorithms provide procedures for solving problems efficiently.
Data Structures and Algorithms,Graphs,"Graphs model relationships between entities using vertices and edges. They are used to represent roads, social networks, dependencies, communication networks, and many other structures.","data,structures,and,algorithms,graphs",intermediate,knowledge,StudyMate Educational Knowledge Base,Data structures organize information while algorithms provide procedures for solving problems efficiently.
Data Structures and Algorithms,Binary search,Binary search finds a target in sorted data by repeatedly comparing it with the middle element and discarding half of the remaining search range.,"data,structures,and,algorithms,binary,search",intermediate,knowledge,StudyMate Educational Knowledge Base,Data structures organize information while algorithms provide procedures for solving problems efficiently.
Data Structures and Algorithms,Sorting algorithms,"Sorting algorithms arrange data according to an ordering rule. Common algorithms include insertion sort, merge sort, quicksort, and heap sort, each with different trade-offs.","data,structures,and,algorithms,sorting,algorithms",advanced,knowledge,StudyMate Educational Knowledge Base,Data structures organize information while algorithms provide procedures for solving problems efficiently.
Data Structures and Algorithms,Algorithm complexity,"Time complexity describes how running time grows with input size, while space complexity describes additional memory requirements. Big-O notation is commonly used to describe asymptotic growth.","data,structures,and,algorithms,algorithm,complexity",advanced,knowledge,StudyMate Educational Knowledge Base,Data structures organize information while algorithms provide procedures for solving problems efficiently.
Cloud Computing,Introduction,"Cloud computing provides computing resources such as processing, storage, databases, networking, and software services over a network. Resources can often be provisioned and scaled on demand.","cloud,computing,introduction",beginner,knowledge,StudyMate Educational Knowledge Base,"Cloud computing provides on-demand computing resources and services through networked infrastructure, commonly described using IaaS, PaaS, and SaaS models."
Cloud Computing,Service models,"Common cloud service models include Infrastructure as a Service, Platform as a Service, and Software as a Service. They differ in how much infrastructure and software management is handled by the provider.","cloud,computing,service,models",beginner,knowledge,StudyMate Educational Knowledge Base,"Cloud computing provides on-demand computing resources and services through networked infrastructure, commonly described using IaaS, PaaS, and SaaS models."
Cloud Computing,IaaS,"Infrastructure as a Service provides virtualized infrastructure such as compute instances, storage, and networking. Customers typically manage operating systems and applications while the provider manages the underlying physical infrastructure.","cloud,computing,iaas",beginner,knowledge,StudyMate Educational Knowledge Base,"Cloud computing provides on-demand computing resources and services through networked infrastructure, commonly described using IaaS, PaaS, and SaaS models."
Cloud Computing,PaaS,Platform as a Service provides a managed application platform. Developers can focus on application code while the provider manages more of the runtime and infrastructure.,"cloud,computing,paas",intermediate,knowledge,StudyMate Educational Knowledge Base,"Cloud computing provides on-demand computing resources and services through networked infrastructure, commonly described using IaaS, PaaS, and SaaS models."
Cloud Computing,SaaS,Software as a Service delivers a complete application to users over a network. Users generally interact with the software without managing the underlying servers and operating systems.,"cloud,computing,saas",intermediate,knowledge,StudyMate Educational Knowledge Base,"Cloud computing provides on-demand computing resources and services through networked infrastructure, commonly described using IaaS, PaaS, and SaaS models."
Cloud Computing,Scalability,Cloud scalability allows resources to be increased or decreased according to workload needs. This can help applications handle changing demand.,"cloud,computing,scalability",intermediate,knowledge,StudyMate Educational Knowledge Base,"Cloud computing provides on-demand computing resources and services through networked infrastructure, commonly described using IaaS, PaaS, and SaaS models."
Cloud Computing,Virtualization,Virtualization creates logical computing environments on shared physical hardware. Virtual machines can isolate workloads while sharing underlying resources.,"cloud,computing,virtualization",intermediate,knowledge,StudyMate Educational Knowledge Base,"Cloud computing provides on-demand computing resources and services through networked infrastructure, commonly described using IaaS, PaaS, and SaaS models."
Cloud Computing,Containers,Containers package an application with its dependencies into an isolated environment. They are useful for consistent deployment and efficient resource utilization.,"cloud,computing,containers",intermediate,knowledge,StudyMate Educational Knowledge Base,"Cloud computing provides on-demand computing resources and services through networked infrastructure, commonly described using IaaS, PaaS, and SaaS models."
Cloud Computing,Cloud security,"Cloud security involves identity management, access control, encryption, secure configuration, monitoring, backup, and understanding which security responsibilities belong to the provider and customer.","cloud,computing,cloud,security",advanced,knowledge,StudyMate Educational Knowledge Base,"Cloud computing provides on-demand computing resources and services through networked infrastructure, commonly described using IaaS, PaaS, and SaaS models."
Cloud Computing,Applications,"Cloud computing supports web applications, analytics, storage, development environments, backups, machine learning, enterprise systems, and many other workloads.","cloud,computing,applications",advanced,knowledge,StudyMate Educational Knowledge Base,"Cloud computing provides on-demand computing resources and services through networked infrastructure, commonly described using IaaS, PaaS, and SaaS models."
Web Development,Introduction,"Web development involves creating applications and websites that run through web technologies. It commonly includes frontend interfaces, backend services, databases, APIs, and deployment infrastructure.","web,development,introduction",beginner,knowledge,StudyMate Educational Knowledge Base,"Web development combines frontend interfaces, backend services, APIs, data storage, security, and deployment to build browser-accessible applications."
Web Development,HTML,"HTML defines the structure and meaning of content on web pages. Elements represent headings, paragraphs, links, forms, media, and other parts of a document.","web,development,html",beginner,knowledge,StudyMate Educational Knowledge Base,"Web development combines frontend interfaces, backend services, APIs, data storage, security, and deployment to build browser-accessible applications."
Web Development,CSS,"CSS controls the presentation and layout of web content. It can define typography, spacing, colors, responsive layouts, animations, and other visual properties.","web,development,css",beginner,knowledge,StudyMate Educational Knowledge Base,"Web development combines frontend interfaces, backend services, APIs, data storage, security, and deployment to build browser-accessible applications."
Web Development,JavaScript,JavaScript is a programming language widely used to add dynamic behavior and interactivity to web pages and applications.,"web,development,javascript",intermediate,knowledge,StudyMate Educational Knowledge Base,"Web development combines frontend interfaces, backend services, APIs, data storage, security, and deployment to build browser-accessible applications."
Web Development,Frontend,"Frontend development focuses on the part of a web application that users see and interact with. It handles interface rendering, user interactions, and communication with backend services.","web,development,frontend",intermediate,knowledge,StudyMate Educational Knowledge Base,"Web development combines frontend interfaces, backend services, APIs, data storage, security, and deployment to build browser-accessible applications."
Web Development,Backend,"Backend systems handle server-side logic, data processing, authentication, APIs, and database operations. They provide services consumed by frontend applications.","web,development,backend",intermediate,knowledge,StudyMate Educational Knowledge Base,"Web development combines frontend interfaces, backend services, APIs, data storage, security, and deployment to build browser-accessible applications."
Web Development,REST APIs,"REST APIs commonly use HTTP methods such as GET, POST, PUT, PATCH, and DELETE to operate on resources. JSON is frequently used to exchange structured data.","web,development,rest,apis",intermediate,knowledge,StudyMate Educational Knowledge Base,"Web development combines frontend interfaces, backend services, APIs, data storage, security, and deployment to build browser-accessible applications."
Web Development,Responsive design,"Responsive web design allows interfaces to adapt to different screen sizes and orientations. Flexible layouts, media queries, and scalable components help support phones, tablets, desktops, and large displays.","web,development,responsive,design",intermediate,knowledge,StudyMate Educational Knowledge Base,"Web development combines frontend interfaces, backend services, APIs, data storage, security, and deployment to build browser-accessible applications."
Web Development,Web security,"Important web security concerns include authentication, authorization, input validation, secure session handling, transport encryption, access control, and protection against common application vulnerabilities.","web,development,web,security",advanced,knowledge,StudyMate Educational Knowledge Base,"Web development combines frontend interfaces, backend services, APIs, data storage, security, and deployment to build browser-accessible applications."
Web Development,Deployment,"A web application can be deployed to a server or cloud platform where users can access it through a browser. Deployment usually includes configuration, testing, monitoring, and ongoing maintenance.","web,development,deployment",advanced,knowledge,StudyMate Educational Knowledge Base,"Web development combines frontend interfaces, backend services, APIs, data storage, security, and deployment to build browser-accessible applications."
Data Science,Introduction,"Data science combines programming, statistics, domain knowledge, data analysis, and visualization to extract useful information and support decisions from data.","data,science,introduction",beginner,knowledge,StudyMate Educational Knowledge Base,"Data science combines data collection, cleaning, statistics, visualization, programming, and machine learning to extract useful insights."
Data Science,Data collection,"Data collection gathers information from sources such as databases, sensors, surveys, applications, logs, and public datasets. The quality and relevance of collected data strongly affect later analysis.","data,science,data,collection",beginner,knowledge,StudyMate Educational Knowledge Base,"Data science combines data collection, cleaning, statistics, visualization, programming, and machine learning to extract useful insights."
Data Science,Data cleaning,"Data cleaning identifies and handles problems such as missing values, inconsistent formats, duplicate records, invalid entries, and unexpected outliers.","data,science,data,cleaning",beginner,knowledge,StudyMate Educational Knowledge Base,"Data science combines data collection, cleaning, statistics, visualization, programming, and machine learning to extract useful insights."
Data Science,Exploratory analysis,"Exploratory data analysis uses summaries and visualizations to understand distributions, relationships, patterns, and unusual observations before building models.","data,science,exploratory,analysis",intermediate,knowledge,StudyMate Educational Knowledge Base,"Data science combines data collection, cleaning, statistics, visualization, programming, and machine learning to extract useful insights."
Data Science,Feature engineering,Feature engineering transforms raw information into useful variables for analysis or machine learning. Good features can make important patterns easier for a model to learn.,"data,science,feature,engineering",intermediate,knowledge,StudyMate Educational Knowledge Base,"Data science combines data collection, cleaning, statistics, visualization, programming, and machine learning to extract useful insights."
Data Science,Data visualization,"Charts and graphs help communicate patterns and comparisons. Common visualizations include bar charts, line charts, histograms, scatter plots, and box plots.","data,science,data,visualization",intermediate,knowledge,StudyMate Educational Knowledge Base,"Data science combines data collection, cleaning, statistics, visualization, programming, and machine learning to extract useful insights."
Data Science,Statistics,"Statistics provides methods for summarizing data and reasoning about uncertainty. Descriptive statistics summarize observed data, while inferential methods support conclusions beyond the observed sample.","data,science,statistics",intermediate,knowledge,StudyMate Educational Knowledge Base,"Data science combines data collection, cleaning, statistics, visualization, programming, and machine learning to extract useful insights."
Data Science,Machine learning in data science,"Machine learning can be used within data-science workflows for prediction, classification, clustering, recommendation, and other tasks. Model choice should depend on the problem and available data.","data,science,machine,learning,in,data,science",intermediate,knowledge,StudyMate Educational Knowledge Base,"Data science combines data collection, cleaning, statistics, visualization, programming, and machine learning to extract useful insights."
Data Science,Communication,"A data-science result is useful only when its meaning and limitations can be communicated clearly. Reports should explain assumptions, methods, evidence, uncertainty, and practical implications.","data,science,communication",advanced,knowledge,StudyMate Educational Knowledge Base,"Data science combines data collection, cleaning, statistics, visualization, programming, and machine learning to extract useful insights."
Data Science,Applications,"Data science is applied in business analytics, healthcare research, finance, marketing, scientific studies, manufacturing, education, sports, and public services.","data,science,applications",advanced,knowledge,StudyMate Educational Knowledge Base,"Data science combines data collection, cleaning, statistics, visualization, programming, and machine learning to extract useful insights."
Artificial Intelligence,Introduction,"Artificial intelligence is the field of building computational systems that perform tasks associated with capabilities such as perception, reasoning, learning, language processing, and decision making. AI includes approaches based on rules, search, machine learning, neural networks, and other computational methods.","artificial,intelligence,introduction,overview",beginner,knowledge,StudyMate Educational Knowledge Base,"Artificial intelligence is the field of building computational systems that perform tasks associated with capabilities such as perception, reasoning, learning, language processing, and decision making. AI includes approaches based on rules, search, machine learning, neural networks, and other computational methods."
Blockchain,Introduction,"Blockchain is a distributed data structure in which records are organized into blocks and linked using cryptographic techniques. A network of participants maintains the data according to a consensus mechanism, making blockchain useful for selected applications requiring shared records.","blockchain,introduction,overview",beginner,knowledge,StudyMate Educational Knowledge Base,"Blockchain is a distributed data structure in which records are organized into blocks and linked using cryptographic techniques. A network of participants maintains the data according to a consensus mechanism, making blockchain useful for selected applications requiring shared records."
Quantum Computing,Introduction,"Quantum computing uses quantum mechanical systems to represent and manipulate information. Quantum bits, or qubits, can exhibit properties such as superposition and entanglement, enabling certain algorithms to approach problems differently from classical computers.","quantum,computing,introduction,overview",beginner,knowledge,StudyMate Educational Knowledge Base,"Quantum computing uses quantum mechanical systems to represent and manipulate information. Quantum bits, or qubits, can exhibit properties such as superposition and entanglement, enabling certain algorithms to approach problems differently from classical computers."
Internet of Things,Introduction,"The Internet of Things connects physical devices equipped with sensors, software, and communication capabilities so they can collect and exchange data. IoT systems are used in homes, industry, agriculture, healthcare, logistics, and smart infrastructure.","internet,of,things,introduction,overview",beginner,knowledge,StudyMate Educational Knowledge Base,"The Internet of Things connects physical devices equipped with sensors, software, and communication capabilities so they can collect and exchange data. IoT systems are used in homes, industry, agriculture, healthcare, logistics, and smart infrastructure."
Robotics,Introduction,"Robotics combines mechanical engineering, electronics, control systems, sensing, and software to create machines that can perform physical tasks. Robots can be autonomous or supervised and are used in manufacturing, healthcare, exploration, logistics, and education.","robotics,introduction,overview",beginner,knowledge,StudyMate Educational Knowledge Base,"Robotics combines mechanical engineering, electronics, control systems, sensing, and software to create machines that can perform physical tasks. Robots can be autonomous or supervised and are used in manufacturing, healthcare, exploration, logistics, and education."
Renewable Energy,Introduction,"Renewable energy comes from sources that are naturally replenished on human timescales, including sunlight, wind, flowing water, and geothermal heat. Renewable technologies are important components of efforts to reduce dependence on finite fossil resources and lower greenhouse-gas emissions.","renewable,energy,introduction,overview",beginner,knowledge,StudyMate Educational Knowledge Base,"Renewable energy comes from sources that are naturally replenished on human timescales, including sunlight, wind, flowing water, and geothermal heat. Renewable technologies are important components of efforts to reduce dependence on finite fossil resources and lower greenhouse-gas emissions."
Economics,Introduction,"Economics studies how people, organizations, and societies allocate scarce resources among competing uses. It examines topics such as markets, prices, production, consumption, incentives, employment, trade, and economic growth.","economics,introduction,overview",beginner,knowledge,StudyMate Educational Knowledge Base,"Economics studies how people, organizations, and societies allocate scarce resources among competing uses. It examines topics such as markets, prices, production, consumption, incentives, employment, trade, and economic growth."
Communication,Introduction,"Communication is the process of exchanging information and meaning between people or systems. Effective communication depends on a suitable message, shared understanding, an appropriate channel, and feedback.","communication,introduction,overview",beginner,knowledge,StudyMate Educational Knowledge Base,"Communication is the process of exchanging information and meaning between people or systems. Effective communication depends on a suitable message, shared understanding, an appropriate channel, and feedback."
Critical Thinking,Introduction,"Critical thinking involves analyzing information, evaluating evidence and assumptions, considering alternative explanations, and reaching conclusions supported by reasoning. It is useful for academic study, problem solving, research, and decision making.","critical,thinking,introduction,overview",beginner,knowledge,StudyMate Educational Knowledge Base,"Critical thinking involves analyzing information, evaluating evidence and assumptions, considering alternative explanations, and reaching conclusions supported by reasoning. It is useful for academic study, problem solving, research, and decision making."
Sustainability,Introduction,"Sustainability involves meeting current needs while maintaining environmental, social, and economic conditions that allow future generations to meet their needs. It is often discussed through environmental protection, resource efficiency, social well-being, and long-term economic viability.","sustainability,introduction,overview",beginner,knowledge,StudyMate Educational Knowledge Base,"Sustainability involves meeting current needs while maintaining environmental, social, and economic conditions that allow future generations to meet their needs. It is often discussed through environmental protection, resource efficiency, social well-being, and long-term economic viability."
